"An","Anauroch: The Empire of Shade"
"AE","Arms and Equipment Guide"
"BFK","Barrow of the Forgotten King"
"BB","Bastion of Broken Souls"
"BC","Book of Challenges: Dungeon Rooms, Puzzles, and Traps"
"BE","Book of Exalted Deeds"
"BV","Book of Vile Darkness"
"CR","Champions of Ruin"
"CV","Champions of Valor"
"CiP","City of Peril"
"CSW","City of Splendors: Waterdeep"
"CSQ","City of the Spider Queen"
"Ci","Cityscape"
"CAd","Complete Adventurer"
"CAr","Complete Arcane"
"CC","Complete Champion"
"CD","Complete Divine"
"CM","Complete Mage"
"CP","Complete Psionic"
"CS","Complete Scoundrel"
"CW","Complete Warrior"
"Co","Cormyr: The Tearing of the Weave"
"DG","D&D Gazetteer"
"DH","Deep Horizon"
"DF","Defenders of the Faith: A Guidebook to Clerics and Paladins"
"DD","Deities and Demigods"
"Dr","Draconomicon"
"DM","Dragon Magic"
"DCS","Dragonlance Campaign Setting"
"Dra","Dragonmarked"
"DE","Dragons of Eberron"
"DrF","Dragons of Faerûn"
"DrU","Drow of the Underdark"
"DMG","Dungeon Master's Guide v.3.5"
"DMG2","Dungeon Master's Guide II"
"Du","Dungeonscape"
"ECS","Eberron Campaign Setting"
"ElE","Elder Evils"
"EA","Enemies and Allies"
"EL","Epic Level Handbook"
"EE","Exemplars of Evil"
"XPH","Expanded Psionics Handbook"
"Rav","Expedition to Castle Ravenloft"
"EDP","Expedition to the Demonweb Pits"
"ERG","Expedition to the Ruins of Greyhawk"
"EU","Expedition to Undermountain"
"EH","Explorer's Handbook"
"ELQ","Eyes of the Lich Queen"
"FP","Faiths & Pantheons"
"FE","Faiths of Eberron"
"FLFD","Fantastic Locations: Fane of the Drow"
"FLFR","Fantastic Locations: Fields of Ruin"
"FLHP","Fantastic Locations: Hellspike Prison"
"FF","Fiend Folio"
"FCI","Fiendish Codex I: Hordes of the Abyss"
"FCII","Fiendish Codex II: Tyrants of the Nine Hells"
"Fo","Forge of Fury, The"
"FW","Forge of War, The"
"FRCS","Forgotten Realms Campaign Setting"
"FY","Fortress of the Yuan-Ti"
"Fr","Frostburn"
"Gh","Ghostwalk"
"GHR","Grand History of the Realms"
"GC","Grasp of the Emerald Claw"
"HN","Heart of Nightfang Spire"
"HBG","Hero Builder's Guidebook"
"HB","Heroes of Battle"
"HH","Heroes of Horror"
"LM","Libris Mortis: The Book of the Dead"
"LG","Living Greyhawk Gazetteer"
"LF","Lord of the Iron Fortress"
"LD","Lords of Darkness"
"LoM","Lords of Madness"
"LE","Lost Empires of Faerûn"
"MIC","Magic Item Compendium"
"MoE","Magic of Eberron"
"Mag","Magic of Faerûn"
"MoI","Magic of Incarnum"
"MP","Manual of the Planes"
"MW","Masters of the Wild: A Guidebook to Barbarians, Druids, and Rangers"
"MH","Miniatures Handbook"
"Mon","Monster Compendium: Monsters of Faerûn"
"MM5","Monster Manual V"
"MM4","Monster Manual IV"
"MM3","Monster Manual III"
"MM2","Monster Manual II"
"MM","Monster Manual v.3.5"
"Mys","Mysteries of the Moonsea"
"OA","Oriental Adventures"
"PlH","Planar Handbook"
"PE","Player's Guide to Eberron"
"PG","Player's Guide to Faerûn"
"PH","Player's Handbook v.3.5"
"PH2","Player's Handbook II"
"PF","Power of Faerûn"
"RD","Races of Destiny"
"RE","Races of Eberron"
"Rac","Races of Faerûn"
"RS","Races of Stone"
"RDr","Races of the Dragon"
"RW","Races of the Wild"
"RH","Red Hand of Doom"
"RT","Return to the Temple of Elemental Evil"
"RC","Rules Compendium"
"Sa","Sandstorm"
"SS","Savage Species"
"SoS","Secrets of Sarlona"
"SX","Secrets of Xen'drik"
"SK","Serpent Kingdoms"
"SSL","Shadowdale: The Scouring of the Land"
"SL","Shadows of the Last War"
"Sh","Sharn: City of Towers"
"ShG","The Shattered Gates of Slaughtergarde"
"ShS","Shining South"
"SM","Silver Marches"
"SiS","Sinister Spire, The"
"SaS","Song and Silence: A Guidebook to Bards and Rogues"
"SG","Sons of Gruumsh"
"SD","Speaker in Dreams, The"
"StS","Standing Stone, The"
"Sto","Stormwrack"
"SB","Stronghold Builder's Guidebook"
"SC","Sunless Citadel, The"
"SF","Sword and Fist: A Guidebook to Monks and Fighters"
"TB","Tome and Blood: A Guidebook to Wizards and Sorcerers"
"ToB","Tome of Battle: The Book of Nine Swords"
"TM","Tome of Magic"
"Una","Unapproachable East"
"Und","Underdark"
"UA","Unearthed Arcana"
"VGD","Voyage of the Golden Dragon"
"WB","Whispers of the Vampire's Blade"